{"cameraMode":{"drawMode":0,"name":"Shaded","section":"Shading Mode"},"sceneLighting":true,"audioPlay":false,"sceneViewState":{"m_AlwaysRefresh":false,"showFog":true,"showSkybox":true,"showFlares":true,"showImageEffects":true,"showParticleSystems":true,"showVisualEffectGraphs":true,"m_FxEnabled":true},"in2DMode":false,"pivot":{"x":0.5955824851989746,"y":-1.515188455581665,"z":5.7699127197265629},"rotation":{"x":-0.009719014167785645,"y":0.9506983757019043,"z":-0.0299576036632061,"w":-0.30852919816970827},"size":10.851853370666504,"orthographic":true}