{"cameraMode":{"drawMode":0,"name":"Shaded","section":"Shading Mode"},"sceneLighting":true,"audioPlay":false,"sceneViewState":{"m_AlwaysRefresh":false,"showFog":true,"showSkybox":true,"showFlares":true,"showImageEffects":true,"showParticleSystems":true,"showVisualEffectGraphs":true,"m_FxEnabled":true},"in2DMode":false,"pivot":{"x":2.9289050102233888,"y":-0.5016558170318604,"z":8.120379447937012},"rotation":{"x":0.05307164043188095,"y":0.014664143323898316,"z":-0.0007779726875014603,"w":0.9984890222549439},"size":0.9635002017021179,"orthographic":false}